Location,Temp_Mean,Temp_CI_Lower,Temp_CI_Upper,Precip_Mean,Precip_CI_Lower,Precip_CI_Upper,Humidity_Mean,Humidity_CI_Lower,Humidity_CI_Upper
Can Tho,27.16573187414501,27.05873853351831,27.27272521477171,6.298084815321477,5.73278461377081,6.863385016872145,81.4540218878249,80.86850315119321,82.03954062445658
Hanoi,24.1634610123119,23.80261236878857,24.52430965583523,6.8023255813953485,5.766821858784652,7.837829304006045,79.02674418604651,78.31611484462906,79.73737352746397
Da Nang,26.305690834473324,26.055674837736603,26.555706831210045,7.308071135430916,6.0356007639717175,8.580541506890114,81.19006839945281,80.6372606074054,81.74287619150023
Hai Phong,24.15781121751026,23.804101004335624,24.511521430684898,5.772640218878249,4.758252708374905,6.787027729381593,80.2962243502052,79.64695844289426,80.94549025751613
Ho Chi Minh City,27.726196990424075,27.615174767737415,27.837219213110735,6.5749658002735965,5.945510096896489,7.204421503650704,77.6911491108071,76.93519759015474,78.44710063145946
