Variable 1,Variable 2,Pearson_r,Pearson_p,Spearman_r,Spearman_p,Kendall_tau,Kendall_p,Significant
avg_temperature,avg_humidity,0.06128135881180163,0.0002096632275965293,-0.18641323377563981,6.188273733608899e-30,-0.15446215299771687,1.7696575946134866e-44,Yes
avg_temperature,total_precipitation,0.05690192167193277,0.0005780529787209584,0.055103361265702096,0.0008599083482575532,0.022609174324246133,0.04638447848788602,Yes
avg_temperature,avg_pressure,-0.7880993680227759,0.0,-0.7106095454200986,0.0,-0.532227249061035,0.0,Yes
avg_humidity,total_precipitation,0.4145229532833148,8.880008066010295e-152,0.7106483587453979,0.0,0.5328133379908199,0.0,Yes
avg_wind_speed,total_precipitation,0.19470123691024185,1.489040783239919e-32,-0.02253644038566699,0.1731400053846758,-0.015641631989768777,0.16817710535541275,Yes
