Variable,Shapiro_Statistic,Shapiro_p_value,Shapiro_Normal,K2_Statistic,K2_p_value,K2_Normal
avg_temperature,0.9018535432670141,1.8046877415893255e-43,No,723.2123330827947,9.04559728652823e-158,No
total_precipitation,0.5119864495309451,2.8080780511653695e-72,No,4078.3140706351305,0.0,No
avg_humidity,0.9282833189247787,1.0325985283666261e-38,No,373.06803099275095,9.756777084469571e-82,No
avg_pressure,0.9848942119140447,2.469391186009694e-19,No,97.64731609502908,6.253954591864704e-22,No
avg_wind_speed,0.9200037071095474,2.4530817921749107e-40,No,1142.2163277899047,9.351383128714912e-249,No
